2025-03-17 14:25:52,812, INFO, EF_2022_RAPS_18_V1, lp, 4670006246000, Noll-v‰rde i lastprofil
2025-03-17 14:25:52,930, INFO, EF_2022_RAPS_18_V1, lp, 4670006248000, Noll-v‰rde i lastprofil
2025-03-17 14:25:53,023, INFO, EF_2022_RAPS_18_V1, lp, 4680006245000, Noll-v‰rde i lastprofil
2025-03-17 14:25:53,117, INFO, EF_2022_RAPS_18_V1, lp, 4690006237000, Noll-v‰rde i lastprofil
2025-03-17 14:25:53,207, INFO, EF_2022_RAPS_18_V1, lp, 4700006237000, Noll-v‰rde i lastprofil
2025-03-17 14:25:53,294, INFO, EF_2022_RAPS_18_V1, lp, 4700006238000, Noll-v‰rde i lastprofil
2025-03-17 14:25:53,380, INFO, EF_2022_RAPS_18_V1, lp, 4700006239000, Noll-v‰rde i lastprofil
2025-03-17 14:25:53,473, INFO, EF_2022_RAPS_18_V1, lp, 4710006236000, Noll-v‰rde i lastprofil
2025-03-17 14:25:53,555, INFO, EF_2022_RAPS_18_V1, lp, 4720006235000, Noll-v‰rde i lastprofil
2025-03-17 14:25:53,645, INFO, EF_2022_RAPS_18_V1, lp, 4730006209000, Noll-v‰rde i lastprofil
2025-03-17 14:25:53,729, INFO, EF_2022_RAPS_18_V1, lp, 4730006210000, Noll-v‰rde i lastprofil
2025-03-17 14:25:53,814, INFO, EF_2022_RAPS_18_V1, lp, 4740006212000, Noll-v‰rde i lastprofil
2025-03-17 14:25:53,896, INFO, EF_2022_RAPS_18_V1, lp, 4740006231000, Noll-v‰rde i lastprofil
2025-03-17 14:25:53,983, INFO, EF_2022_RAPS_18_V1, lp, 4740006250000, Noll-v‰rde i lastprofil
2025-03-17 14:25:54,066, INFO, EF_2022_RAPS_18_V1, lp, 4750006212000, Noll-v‰rde i lastprofil
2025-03-17 14:25:54,151, INFO, EF_2022_RAPS_18_V1, lp, 4750006231000, Noll-v‰rde i lastprofil
2025-03-17 14:25:54,239, INFO, EF_2022_RAPS_18_V1, lp, 4760006212000, Noll-v‰rde i lastprofil
2025-03-17 14:25:54,334, INFO, EF_2022_RAPS_18_V1, lp, 4760006213000, Noll-v‰rde i lastprofil
2025-03-17 14:25:54,417, INFO, EF_2022_RAPS_18_V1, lp, 4770006223000, Noll-v‰rde i lastprofil
2025-03-17 14:25:54,500, INFO, EF_2022_RAPS_18_V1, lp, 4790006211000, Noll-v‰rde i lastprofil
2025-03-17 14:25:54,623, INFO, EF_2022_RAPS_18_V1, lp, 4790006217000, Noll-v‰rde i lastprofil
2025-03-17 14:25:54,707, INFO, EF_2022_RAPS_18_V1, lp, 4790006218000, Noll-v‰rde i lastprofil
2025-03-17 14:25:54,792, INFO, EF_2022_RAPS_18_V1, lp, 4790006219000, Noll-v‰rde i lastprofil
2025-03-17 14:25:54,878, INFO, EF_2022_RAPS_18_V1, lp, 4810006209000, Noll-v‰rde i lastprofil
2025-03-17 14:25:54,964, INFO, EF_2022_RAPS_18_V1, lp, 4810006214000, Noll-v‰rde i lastprofil
2025-03-17 14:25:55,050, INFO, EF_2022_RAPS_18_V1, lp, 4830006229000, Noll-v‰rde i lastprofil
2025-03-17 14:25:55,147, INFO, EF_2022_RAPS_18_V1, lp, 4840006226000, Noll-v‰rde i lastprofil
2025-03-17 14:25:55,228, INFO, EF_2022_RAPS_18_V1, lp, 4840006227000, Noll-v‰rde i lastprofil
2025-03-17 14:25:55,310, INFO, EF_2022_RAPS_18_V1, lp, 4850006210000, Noll-v‰rde i lastprofil
2025-03-17 14:25:55,392, INFO, EF_2022_RAPS_18_V1, lp, 4850006227000, Noll-v‰rde i lastprofil
2025-03-17 14:25:55,471, INFO, EF_2022_RAPS_18_V1, lp, 4850006235000, Noll-v‰rde i lastprofil
2025-03-17 14:25:55,556, INFO, EF_2022_RAPS_18_V1, lp, 4890006228000, Noll-v‰rde i lastprofil
2025-03-17 14:25:55,636, INFO, EF_2022_RAPS_18_V1, lp, 4890006230000, Noll-v‰rde i lastprofil
2025-03-17 14:25:55,725, INFO, EF_2022_RAPS_18_V1, lp, 4900006223000, Noll-v‰rde i lastprofil
2025-03-17 14:25:55,804, INFO, EF_2022_RAPS_18_V1, lp, 4910006225000, Noll-v‰rde i lastprofil
2025-03-17 14:25:55,885, INFO, EF_2022_RAPS_18_V1, lp, 4920006223000, Noll-v‰rde i lastprofil
2025-03-17 14:25:55,964, INFO, EF_2022_RAPS_18_V1, lp, 4950006232000, Noll-v‰rde i lastprofil
2025-03-17 14:25:56,044, INFO, EF_2022_RAPS_18_V1, lp, 4970006226000, Noll-v‰rde i lastprofil
2025-03-17 14:25:56,125, INFO, EF_2022_RAPS_18_V1, lp, 5040006223000, Noll-v‰rde i lastprofil
2025-03-17 14:25:56,222, INFO, EF_2022_RAPS_18_V1, lp, 5050006228000, Noll-v‰rde i lastprofil
2025-03-17 14:25:56,310, INFO, EF_2022_RAPS_18_V1, lp, 5070006231000, Noll-v‰rde i lastprofil
2025-03-17 14:25:56,391, INFO, EF_2022_RAPS_18_V1, lp, 5080006240000, Noll-v‰rde i lastprofil
2025-03-17 14:25:56,479, INFO, EF_2022_RAPS_18_V1, lp, 5080006246000, Noll-v‰rde i lastprofil
2025-03-17 14:25:56,569, INFO, EF_2022_RAPS_18_V1, lp, 5090006244000, Noll-v‰rde i lastprofil
2025-03-17 14:25:56,657, INFO, EF_2022_RAPS_18_V1, lp, 5160006226000, Noll-v‰rde i lastprofil
2025-03-17 14:25:56,750, INFO, EF_2022_RAPS_18_V1, lp, 5160006230000, Noll-v‰rde i lastprofil
2025-03-17 14:25:56,840, INFO, EF_2022_RAPS_18_V1, lp, 5170006229000, Noll-v‰rde i lastprofil
2025-03-17 14:25:56,924, INFO, EF_2022_RAPS_18_V1, lp, 5170006233000, Noll-v‰rde i lastprofil
2025-03-17 14:25:57,008, INFO, EF_2022_RAPS_18_V1, lp, 5190006235000, Noll-v‰rde i lastprofil
2025-03-17 14:25:57,090, INFO, EF_2022_RAPS_18_V1, lp, 5210006227000, Noll-v‰rde i lastprofil
2025-03-17 14:25:57,170, INFO, EF_2022_RAPS_18_V1, lp, 5210006230000, Noll-v‰rde i lastprofil
2025-03-17 14:25:57,258, INFO, EF_2022_RAPS_18_V1, lp, 5220006226000, Noll-v‰rde i lastprofil
2025-03-17 14:25:57,348, INFO, EF_2022_RAPS_18_V1, lp, 5220006228000, Noll-v‰rde i lastprofil
2025-03-17 14:25:57,436, INFO, EF_2022_RAPS_18_V1, lp, 5260006228000, Noll-v‰rde i lastprofil
2025-03-17 14:25:57,529, INFO, EF_2022_RAPS_18_V1, lp, 5260006240000, Noll-v‰rde i lastprofil
2025-03-17 14:25:57,625, INFO, EF_2022_RAPS_18_V1, lp, 5320006226000, Noll-v‰rde i lastprofil
2025-03-17 14:25:57,725, INFO, EF_2022_RAPS_18_V1, lp, 5330006229000, Noll-v‰rde i lastprofil
2025-03-17 14:25:57,832, INFO, EF_2022_RAPS_18_V1, lp, 5350006246000, Noll-v‰rde i lastprofil
2025-03-17 14:25:57,950, INFO, EF_2022_RAPS_18_V1, lp, 5360006226000, Noll-v‰rde i lastprofil
2025-03-17 14:25:58,059, INFO, EF_2022_RAPS_18_V1, lp, 5370006251000, Noll-v‰rde i lastprofil
2025-03-17 14:25:58,178, INFO, EF_2022_RAPS_18_V1, lp, 5390006228000, Noll-v‰rde i lastprofil
2025-03-17 14:25:58,292, INFO, EF_2022_RAPS_18_V1, lp, 5390006230000, Noll-v‰rde i lastprofil
2025-03-17 14:25:58,400, INFO, EF_2022_RAPS_18_V1, lp, 5390006231000, Noll-v‰rde i lastprofil
2025-03-17 14:25:58,521, INFO, EF_2022_RAPS_18_V1, lp, 5400006230000, Noll-v‰rde i lastprofil
2025-03-17 14:25:58,637, INFO, EF_2022_RAPS_18_V1, lp, 5480006227000, Noll-v‰rde i lastprofil
2025-03-17 14:25:58,760, INFO, EF_2022_RAPS_18_V1, lp, 5520006228000, Noll-v‰rde i lastprofil
2025-03-17 14:25:58,884, INFO, EF_2022_RAPS_18_V1, lp, 5550006241000, Noll-v‰rde i lastprofil
2025-03-17 14:26:00,203, INFO, EF_2022_Smahus_V1, lp, 4870006247000, Noll-v‰rde i lastprofil
2025-03-17 14:26:01,200, INFO, EF_2027_RAPS_18_V1, lp, 4670006246000, Noll-v‰rde i lastprofil
2025-03-17 14:26:01,374, INFO, EF_2027_RAPS_18_V1, lp, 4670006248000, Noll-v‰rde i lastprofil
2025-03-17 14:26:01,542, INFO, EF_2027_RAPS_18_V1, lp, 4680006245000, Noll-v‰rde i lastprofil
2025-03-17 14:26:01,677, INFO, EF_2027_RAPS_18_V1, lp, 4690006237000, Noll-v‰rde i lastprofil
2025-03-17 14:26:01,831, INFO, EF_2027_RAPS_18_V1, lp, 4700006237000, Noll-v‰rde i lastprofil
2025-03-17 14:26:01,975, INFO, EF_2027_RAPS_18_V1, lp, 4700006238000, Noll-v‰rde i lastprofil
2025-03-17 14:26:02,065, INFO, EF_2027_RAPS_18_V1, lp, 4700006239000, Noll-v‰rde i lastprofil
2025-03-17 14:26:02,164, INFO, EF_2027_RAPS_18_V1, lp, 4710006236000, Noll-v‰rde i lastprofil
2025-03-17 14:26:02,248, INFO, EF_2027_RAPS_18_V1, lp, 4720006235000, Noll-v‰rde i lastprofil
2025-03-17 14:26:02,344, INFO, EF_2027_RAPS_18_V1, lp, 4730006209000, Noll-v‰rde i lastprofil
2025-03-17 14:26:02,464, INFO, EF_2027_RAPS_18_V1, lp, 4730006210000, Noll-v‰rde i lastprofil
2025-03-17 14:26:02,577, INFO, EF_2027_RAPS_18_V1, lp, 4740006212000, Noll-v‰rde i lastprofil
2025-03-17 14:26:02,661, INFO, EF_2027_RAPS_18_V1, lp, 4740006231000, Noll-v‰rde i lastprofil
2025-03-17 14:26:02,755, INFO, EF_2027_RAPS_18_V1, lp, 4740006250000, Noll-v‰rde i lastprofil
2025-03-17 14:26:02,844, INFO, EF_2027_RAPS_18_V1, lp, 4750006212000, Noll-v‰rde i lastprofil
2025-03-17 14:26:02,941, INFO, EF_2027_RAPS_18_V1, lp, 4750006231000, Noll-v‰rde i lastprofil
2025-03-17 14:26:03,048, INFO, EF_2027_RAPS_18_V1, lp, 4760006212000, Noll-v‰rde i lastprofil
2025-03-17 14:26:03,144, INFO, EF_2027_RAPS_18_V1, lp, 4760006213000, Noll-v‰rde i lastprofil
2025-03-17 14:26:03,231, INFO, EF_2027_RAPS_18_V1, lp, 4770006223000, Noll-v‰rde i lastprofil
2025-03-17 14:26:03,324, INFO, EF_2027_RAPS_18_V1, lp, 4790006211000, Noll-v‰rde i lastprofil
2025-03-17 14:26:03,413, INFO, EF_2027_RAPS_18_V1, lp, 4790006217000, Noll-v‰rde i lastprofil
2025-03-17 14:26:03,504, INFO, EF_2027_RAPS_18_V1, lp, 4790006218000, Noll-v‰rde i lastprofil
2025-03-17 14:26:03,597, INFO, EF_2027_RAPS_18_V1, lp, 4790006219000, Noll-v‰rde i lastprofil
2025-03-17 14:26:03,742, INFO, EF_2027_RAPS_18_V1, lp, 4810006209000, Noll-v‰rde i lastprofil
2025-03-17 14:26:03,907, INFO, EF_2027_RAPS_18_V1, lp, 4810006214000, Noll-v‰rde i lastprofil
2025-03-17 14:26:03,997, INFO, EF_2027_RAPS_18_V1, lp, 4830006229000, Noll-v‰rde i lastprofil
2025-03-17 14:26:04,085, INFO, EF_2027_RAPS_18_V1, lp, 4840006226000, Noll-v‰rde i lastprofil
2025-03-17 14:26:04,174, INFO, EF_2027_RAPS_18_V1, lp, 4840006227000, Noll-v‰rde i lastprofil
2025-03-17 14:26:04,263, INFO, EF_2027_RAPS_18_V1, lp, 4850006210000, Noll-v‰rde i lastprofil
2025-03-17 14:26:04,370, INFO, EF_2027_RAPS_18_V1, lp, 4850006227000, Noll-v‰rde i lastprofil
2025-03-17 14:26:04,459, INFO, EF_2027_RAPS_18_V1, lp, 4850006235000, Noll-v‰rde i lastprofil
2025-03-17 14:26:04,548, INFO, EF_2027_RAPS_18_V1, lp, 4890006228000, Noll-v‰rde i lastprofil
2025-03-17 14:26:04,634, INFO, EF_2027_RAPS_18_V1, lp, 4890006230000, Noll-v‰rde i lastprofil
2025-03-17 14:26:04,719, INFO, EF_2027_RAPS_18_V1, lp, 4900006223000, Noll-v‰rde i lastprofil
2025-03-17 14:26:04,807, INFO, EF_2027_RAPS_18_V1, lp, 4910006225000, Noll-v‰rde i lastprofil
2025-03-17 14:26:04,902, INFO, EF_2027_RAPS_18_V1, lp, 4920006223000, Noll-v‰rde i lastprofil
2025-03-17 14:26:05,047, INFO, EF_2027_RAPS_18_V1, lp, 4950006232000, Noll-v‰rde i lastprofil
2025-03-17 14:26:05,133, INFO, EF_2027_RAPS_18_V1, lp, 4970006226000, Noll-v‰rde i lastprofil
2025-03-17 14:26:05,241, INFO, EF_2027_RAPS_18_V1, lp, 5040006223000, Noll-v‰rde i lastprofil
2025-03-17 14:26:05,428, INFO, EF_2027_RAPS_18_V1, lp, 5050006228000, Noll-v‰rde i lastprofil
2025-03-17 14:26:05,605, INFO, EF_2027_RAPS_18_V1, lp, 5070006231000, Noll-v‰rde i lastprofil
2025-03-17 14:26:05,773, INFO, EF_2027_RAPS_18_V1, lp, 5080006240000, Noll-v‰rde i lastprofil
2025-03-17 14:26:05,973, INFO, EF_2027_RAPS_18_V1, lp, 5080006246000, Noll-v‰rde i lastprofil
2025-03-17 14:26:06,152, INFO, EF_2027_RAPS_18_V1, lp, 5090006244000, Noll-v‰rde i lastprofil
2025-03-17 14:26:06,342, INFO, EF_2027_RAPS_18_V1, lp, 5160006226000, Noll-v‰rde i lastprofil
2025-03-17 14:26:06,524, INFO, EF_2027_RAPS_18_V1, lp, 5160006230000, Noll-v‰rde i lastprofil
2025-03-17 14:26:06,699, INFO, EF_2027_RAPS_18_V1, lp, 5170006229000, Noll-v‰rde i lastprofil
2025-03-17 14:26:06,873, INFO, EF_2027_RAPS_18_V1, lp, 5170006233000, Noll-v‰rde i lastprofil
2025-03-17 14:26:07,047, INFO, EF_2027_RAPS_18_V1, lp, 5190006235000, Noll-v‰rde i lastprofil
2025-03-17 14:26:07,212, INFO, EF_2027_RAPS_18_V1, lp, 5210006227000, Noll-v‰rde i lastprofil
2025-03-17 14:26:07,374, INFO, EF_2027_RAPS_18_V1, lp, 5210006230000, Noll-v‰rde i lastprofil
2025-03-17 14:26:07,563, INFO, EF_2027_RAPS_18_V1, lp, 5220006226000, Noll-v‰rde i lastprofil
2025-03-17 14:26:07,735, INFO, EF_2027_RAPS_18_V1, lp, 5220006228000, Noll-v‰rde i lastprofil
2025-03-17 14:26:07,927, INFO, EF_2027_RAPS_18_V1, lp, 5260006228000, Noll-v‰rde i lastprofil
2025-03-17 14:26:08,112, INFO, EF_2027_RAPS_18_V1, lp, 5260006240000, Noll-v‰rde i lastprofil
2025-03-17 14:26:08,277, INFO, EF_2027_RAPS_18_V1, lp, 5320006226000, Noll-v‰rde i lastprofil
2025-03-17 14:26:08,445, INFO, EF_2027_RAPS_18_V1, lp, 5330006229000, Noll-v‰rde i lastprofil
2025-03-17 14:26:08,620, INFO, EF_2027_RAPS_18_V1, lp, 5350006246000, Noll-v‰rde i lastprofil
2025-03-17 14:26:08,799, INFO, EF_2027_RAPS_18_V1, lp, 5360006226000, Noll-v‰rde i lastprofil
2025-03-17 14:26:08,964, INFO, EF_2027_RAPS_18_V1, lp, 5370006251000, Noll-v‰rde i lastprofil
2025-03-17 14:26:09,156, INFO, EF_2027_RAPS_18_V1, lp, 5390006228000, Noll-v‰rde i lastprofil
2025-03-17 14:26:09,327, INFO, EF_2027_RAPS_18_V1, lp, 5390006230000, Noll-v‰rde i lastprofil
2025-03-17 14:26:09,483, INFO, EF_2027_RAPS_18_V1, lp, 5390006231000, Noll-v‰rde i lastprofil
2025-03-17 14:26:09,663, INFO, EF_2027_RAPS_18_V1, lp, 5400006230000, Noll-v‰rde i lastprofil
2025-03-17 14:26:09,835, INFO, EF_2027_RAPS_18_V1, lp, 5480006227000, Noll-v‰rde i lastprofil
2025-03-17 14:26:09,997, INFO, EF_2027_RAPS_18_V1, lp, 5520006228000, Noll-v‰rde i lastprofil
2025-03-17 14:26:10,158, INFO, EF_2027_RAPS_18_V1, lp, 5550006241000, Noll-v‰rde i lastprofil
2025-03-17 14:26:11,156, INFO, EF_2027_Smahus_V1, lp, 4870006247000, Noll-v‰rde i lastprofil
2025-03-17 14:26:11,799, INFO, EF_2030_RAPS_18_V1, lp, 4670006246000, Noll-v‰rde i lastprofil
2025-03-17 14:26:11,891, INFO, EF_2030_RAPS_18_V1, lp, 4670006248000, Noll-v‰rde i lastprofil
2025-03-17 14:26:11,987, INFO, EF_2030_RAPS_18_V1, lp, 4680006245000, Noll-v‰rde i lastprofil
2025-03-17 14:26:12,080, INFO, EF_2030_RAPS_18_V1, lp, 4690006237000, Noll-v‰rde i lastprofil
2025-03-17 14:26:12,182, INFO, EF_2030_RAPS_18_V1, lp, 4700006237000, Noll-v‰rde i lastprofil
2025-03-17 14:26:12,295, INFO, EF_2030_RAPS_18_V1, lp, 4700006238000, Noll-v‰rde i lastprofil
2025-03-17 14:26:12,387, INFO, EF_2030_RAPS_18_V1, lp, 4700006239000, Noll-v‰rde i lastprofil
2025-03-17 14:26:12,480, INFO, EF_2030_RAPS_18_V1, lp, 4710006236000, Noll-v‰rde i lastprofil
2025-03-17 14:26:12,564, INFO, EF_2030_RAPS_18_V1, lp, 4720006235000, Noll-v‰rde i lastprofil
2025-03-17 14:26:12,655, INFO, EF_2030_RAPS_18_V1, lp, 4730006209000, Noll-v‰rde i lastprofil
2025-03-17 14:26:12,745, INFO, EF_2030_RAPS_18_V1, lp, 4730006210000, Noll-v‰rde i lastprofil
2025-03-17 14:26:12,848, INFO, EF_2030_RAPS_18_V1, lp, 4740006212000, Noll-v‰rde i lastprofil
2025-03-17 14:26:12,936, INFO, EF_2030_RAPS_18_V1, lp, 4740006231000, Noll-v‰rde i lastprofil
2025-03-17 14:26:13,025, INFO, EF_2030_RAPS_18_V1, lp, 4740006250000, Noll-v‰rde i lastprofil
2025-03-17 14:26:13,122, INFO, EF_2030_RAPS_18_V1, lp, 4750006212000, Noll-v‰rde i lastprofil
2025-03-17 14:26:13,216, INFO, EF_2030_RAPS_18_V1, lp, 4750006231000, Noll-v‰rde i lastprofil
2025-03-17 14:26:13,311, INFO, EF_2030_RAPS_18_V1, lp, 4760006212000, Noll-v‰rde i lastprofil
2025-03-17 14:26:13,403, INFO, EF_2030_RAPS_18_V1, lp, 4760006213000, Noll-v‰rde i lastprofil
2025-03-17 14:26:13,483, INFO, EF_2030_RAPS_18_V1, lp, 4770006223000, Noll-v‰rde i lastprofil
2025-03-17 14:26:13,571, INFO, EF_2030_RAPS_18_V1, lp, 4790006211000, Noll-v‰rde i lastprofil
2025-03-17 14:26:13,655, INFO, EF_2030_RAPS_18_V1, lp, 4790006217000, Noll-v‰rde i lastprofil
2025-03-17 14:26:13,743, INFO, EF_2030_RAPS_18_V1, lp, 4790006218000, Noll-v‰rde i lastprofil
2025-03-17 14:26:13,837, INFO, EF_2030_RAPS_18_V1, lp, 4790006219000, Noll-v‰rde i lastprofil
2025-03-17 14:26:13,927, INFO, EF_2030_RAPS_18_V1, lp, 4810006209000, Noll-v‰rde i lastprofil
2025-03-17 14:26:14,068, INFO, EF_2030_RAPS_18_V1, lp, 4810006214000, Noll-v‰rde i lastprofil
2025-03-17 14:26:14,164, INFO, EF_2030_RAPS_18_V1, lp, 4830006229000, Noll-v‰rde i lastprofil
2025-03-17 14:26:14,249, INFO, EF_2030_RAPS_18_V1, lp, 4840006226000, Noll-v‰rde i lastprofil
2025-03-17 14:26:14,349, INFO, EF_2030_RAPS_18_V1, lp, 4840006227000, Noll-v‰rde i lastprofil
2025-03-17 14:26:14,440, INFO, EF_2030_RAPS_18_V1, lp, 4850006210000, Noll-v‰rde i lastprofil
2025-03-17 14:26:14,528, INFO, EF_2030_RAPS_18_V1, lp, 4850006227000, Noll-v‰rde i lastprofil
2025-03-17 14:26:14,609, INFO, EF_2030_RAPS_18_V1, lp, 4850006235000, Noll-v‰rde i lastprofil
2025-03-17 14:26:14,703, INFO, EF_2030_RAPS_18_V1, lp, 4890006228000, Noll-v‰rde i lastprofil
2025-03-17 14:26:14,787, INFO, EF_2030_RAPS_18_V1, lp, 4890006230000, Noll-v‰rde i lastprofil
2025-03-17 14:26:14,882, INFO, EF_2030_RAPS_18_V1, lp, 4900006223000, Noll-v‰rde i lastprofil
2025-03-17 14:26:14,968, INFO, EF_2030_RAPS_18_V1, lp, 4910006225000, Noll-v‰rde i lastprofil
2025-03-17 14:26:15,053, INFO, EF_2030_RAPS_18_V1, lp, 4920006223000, Noll-v‰rde i lastprofil
2025-03-17 14:26:15,146, INFO, EF_2030_RAPS_18_V1, lp, 4950006232000, Noll-v‰rde i lastprofil
2025-03-17 14:26:15,239, INFO, EF_2030_RAPS_18_V1, lp, 4970006226000, Noll-v‰rde i lastprofil
2025-03-17 14:26:15,326, INFO, EF_2030_RAPS_18_V1, lp, 5040006223000, Noll-v‰rde i lastprofil
2025-03-17 14:26:15,433, INFO, EF_2030_RAPS_18_V1, lp, 5050006228000, Noll-v‰rde i lastprofil
2025-03-17 14:26:15,527, INFO, EF_2030_RAPS_18_V1, lp, 5070006231000, Noll-v‰rde i lastprofil
2025-03-17 14:26:15,613, INFO, EF_2030_RAPS_18_V1, lp, 5080006240000, Noll-v‰rde i lastprofil
2025-03-17 14:26:15,708, INFO, EF_2030_RAPS_18_V1, lp, 5080006246000, Noll-v‰rde i lastprofil
2025-03-17 14:26:15,807, INFO, EF_2030_RAPS_18_V1, lp, 5090006244000, Noll-v‰rde i lastprofil
2025-03-17 14:26:15,908, INFO, EF_2030_RAPS_18_V1, lp, 5160006226000, Noll-v‰rde i lastprofil
2025-03-17 14:26:15,999, INFO, EF_2030_RAPS_18_V1, lp, 5160006230000, Noll-v‰rde i lastprofil
2025-03-17 14:26:16,092, INFO, EF_2030_RAPS_18_V1, lp, 5170006229000, Noll-v‰rde i lastprofil
2025-03-17 14:26:16,186, INFO, EF_2030_RAPS_18_V1, lp, 5170006233000, Noll-v‰rde i lastprofil
2025-03-17 14:26:16,272, INFO, EF_2030_RAPS_18_V1, lp, 5190006235000, Noll-v‰rde i lastprofil
2025-03-17 14:26:16,357, INFO, EF_2030_RAPS_18_V1, lp, 5210006227000, Noll-v‰rde i lastprofil
2025-03-17 14:26:16,457, INFO, EF_2030_RAPS_18_V1, lp, 5210006230000, Noll-v‰rde i lastprofil
2025-03-17 14:26:16,548, INFO, EF_2030_RAPS_18_V1, lp, 5220006226000, Noll-v‰rde i lastprofil
2025-03-17 14:26:16,638, INFO, EF_2030_RAPS_18_V1, lp, 5220006228000, Noll-v‰rde i lastprofil
2025-03-17 14:26:16,730, INFO, EF_2030_RAPS_18_V1, lp, 5260006228000, Noll-v‰rde i lastprofil
2025-03-17 14:26:16,821, INFO, EF_2030_RAPS_18_V1, lp, 5260006240000, Noll-v‰rde i lastprofil
2025-03-17 14:26:16,908, INFO, EF_2030_RAPS_18_V1, lp, 5320006226000, Noll-v‰rde i lastprofil
2025-03-17 14:26:17,011, INFO, EF_2030_RAPS_18_V1, lp, 5330006229000, Noll-v‰rde i lastprofil
2025-03-17 14:26:17,106, INFO, EF_2030_RAPS_18_V1, lp, 5350006246000, Noll-v‰rde i lastprofil
2025-03-17 14:26:17,206, INFO, EF_2030_RAPS_18_V1, lp, 5360006226000, Noll-v‰rde i lastprofil
2025-03-17 14:26:17,293, INFO, EF_2030_RAPS_18_V1, lp, 5370006251000, Noll-v‰rde i lastprofil
2025-03-17 14:26:17,387, INFO, EF_2030_RAPS_18_V1, lp, 5390006228000, Noll-v‰rde i lastprofil
2025-03-17 14:26:17,487, INFO, EF_2030_RAPS_18_V1, lp, 5390006230000, Noll-v‰rde i lastprofil
2025-03-17 14:26:17,576, INFO, EF_2030_RAPS_18_V1, lp, 5390006231000, Noll-v‰rde i lastprofil
2025-03-17 14:26:17,670, INFO, EF_2030_RAPS_18_V1, lp, 5400006230000, Noll-v‰rde i lastprofil
2025-03-17 14:26:17,761, INFO, EF_2030_RAPS_18_V1, lp, 5480006227000, Noll-v‰rde i lastprofil
2025-03-17 14:26:17,847, INFO, EF_2030_RAPS_18_V1, lp, 5520006228000, Noll-v‰rde i lastprofil
2025-03-17 14:26:17,978, INFO, EF_2030_RAPS_18_V1, lp, 5550006241000, Noll-v‰rde i lastprofil
2025-03-17 14:26:18,949, INFO, EF_2030_Smahus_V1, lp, 4870006247000, Noll-v‰rde i lastprofil
2025-03-17 14:26:19,701, INFO, EF_2040_RAPS_18_V1, lp, 4670006246000, Noll-v‰rde i lastprofil
2025-03-17 14:26:19,807, INFO, EF_2040_RAPS_18_V1, lp, 4670006248000, Noll-v‰rde i lastprofil
2025-03-17 14:26:19,913, INFO, EF_2040_RAPS_18_V1, lp, 4680006245000, Noll-v‰rde i lastprofil
2025-03-17 14:26:20,017, INFO, EF_2040_RAPS_18_V1, lp, 4690006237000, Noll-v‰rde i lastprofil
2025-03-17 14:26:20,134, INFO, EF_2040_RAPS_18_V1, lp, 4700006237000, Noll-v‰rde i lastprofil
2025-03-17 14:26:20,237, INFO, EF_2040_RAPS_18_V1, lp, 4700006238000, Noll-v‰rde i lastprofil
2025-03-17 14:26:20,348, INFO, EF_2040_RAPS_18_V1, lp, 4700006239000, Noll-v‰rde i lastprofil
2025-03-17 14:26:20,454, INFO, EF_2040_RAPS_18_V1, lp, 4710006236000, Noll-v‰rde i lastprofil
2025-03-17 14:26:20,555, INFO, EF_2040_RAPS_18_V1, lp, 4720006235000, Noll-v‰rde i lastprofil
2025-03-17 14:26:20,655, INFO, EF_2040_RAPS_18_V1, lp, 4730006209000, Noll-v‰rde i lastprofil
2025-03-17 14:26:20,750, INFO, EF_2040_RAPS_18_V1, lp, 4730006210000, Noll-v‰rde i lastprofil
2025-03-17 14:26:20,850, INFO, EF_2040_RAPS_18_V1, lp, 4740006212000, Noll-v‰rde i lastprofil
2025-03-17 14:26:20,939, INFO, EF_2040_RAPS_18_V1, lp, 4740006231000, Noll-v‰rde i lastprofil
2025-03-17 14:26:21,100, INFO, EF_2040_RAPS_18_V1, lp, 4740006250000, Noll-v‰rde i lastprofil
2025-03-17 14:26:21,242, INFO, EF_2040_RAPS_18_V1, lp, 4750006212000, Noll-v‰rde i lastprofil
2025-03-17 14:26:21,330, INFO, EF_2040_RAPS_18_V1, lp, 4750006231000, Noll-v‰rde i lastprofil
2025-03-17 14:26:21,461, INFO, EF_2040_RAPS_18_V1, lp, 4760006212000, Noll-v‰rde i lastprofil
2025-03-17 14:26:21,554, INFO, EF_2040_RAPS_18_V1, lp, 4760006213000, Noll-v‰rde i lastprofil
2025-03-17 14:26:21,644, INFO, EF_2040_RAPS_18_V1, lp, 4770006223000, Noll-v‰rde i lastprofil
2025-03-17 14:26:21,748, INFO, EF_2040_RAPS_18_V1, lp, 4790006211000, Noll-v‰rde i lastprofil
2025-03-17 14:26:21,863, INFO, EF_2040_RAPS_18_V1, lp, 4790006217000, Noll-v‰rde i lastprofil
2025-03-17 14:26:21,975, INFO, EF_2040_RAPS_18_V1, lp, 4790006218000, Noll-v‰rde i lastprofil
2025-03-17 14:26:22,073, INFO, EF_2040_RAPS_18_V1, lp, 4790006219000, Noll-v‰rde i lastprofil
2025-03-17 14:26:22,173, INFO, EF_2040_RAPS_18_V1, lp, 4810006209000, Noll-v‰rde i lastprofil
2025-03-17 14:26:22,267, INFO, EF_2040_RAPS_18_V1, lp, 4810006214000, Noll-v‰rde i lastprofil
2025-03-17 14:26:22,359, INFO, EF_2040_RAPS_18_V1, lp, 4830006229000, Noll-v‰rde i lastprofil
2025-03-17 14:26:22,497, INFO, EF_2040_RAPS_18_V1, lp, 4840006226000, Noll-v‰rde i lastprofil
2025-03-17 14:26:22,584, INFO, EF_2040_RAPS_18_V1, lp, 4840006227000, Noll-v‰rde i lastprofil
2025-03-17 14:26:22,672, INFO, EF_2040_RAPS_18_V1, lp, 4850006210000, Noll-v‰rde i lastprofil
2025-03-17 14:26:22,762, INFO, EF_2040_RAPS_18_V1, lp, 4850006227000, Noll-v‰rde i lastprofil
2025-03-17 14:26:22,850, INFO, EF_2040_RAPS_18_V1, lp, 4850006235000, Noll-v‰rde i lastprofil
2025-03-17 14:26:22,938, INFO, EF_2040_RAPS_18_V1, lp, 4890006228000, Noll-v‰rde i lastprofil
2025-03-17 14:26:23,028, INFO, EF_2040_RAPS_18_V1, lp, 4890006230000, Noll-v‰rde i lastprofil
2025-03-17 14:26:23,128, INFO, EF_2040_RAPS_18_V1, lp, 4900006223000, Noll-v‰rde i lastprofil
2025-03-17 14:26:23,224, INFO, EF_2040_RAPS_18_V1, lp, 4910006225000, Noll-v‰rde i lastprofil
2025-03-17 14:26:23,315, INFO, EF_2040_RAPS_18_V1, lp, 4920006223000, Noll-v‰rde i lastprofil
2025-03-17 14:26:23,408, INFO, EF_2040_RAPS_18_V1, lp, 4950006232000, Noll-v‰rde i lastprofil
2025-03-17 14:26:23,500, INFO, EF_2040_RAPS_18_V1, lp, 4970006226000, Noll-v‰rde i lastprofil
2025-03-17 14:26:23,596, INFO, EF_2040_RAPS_18_V1, lp, 5040006223000, Noll-v‰rde i lastprofil
2025-03-17 14:26:23,704, INFO, EF_2040_RAPS_18_V1, lp, 5050006228000, Noll-v‰rde i lastprofil
2025-03-17 14:26:23,805, INFO, EF_2040_RAPS_18_V1, lp, 5070006231000, Noll-v‰rde i lastprofil
2025-03-17 14:26:23,910, INFO, EF_2040_RAPS_18_V1, lp, 5080006240000, Noll-v‰rde i lastprofil
2025-03-17 14:26:24,007, INFO, EF_2040_RAPS_18_V1, lp, 5080006246000, Noll-v‰rde i lastprofil
2025-03-17 14:26:24,103, INFO, EF_2040_RAPS_18_V1, lp, 5090006244000, Noll-v‰rde i lastprofil
2025-03-17 14:26:24,204, INFO, EF_2040_RAPS_18_V1, lp, 5160006226000, Noll-v‰rde i lastprofil
2025-03-17 14:26:24,306, INFO, EF_2040_RAPS_18_V1, lp, 5160006230000, Noll-v‰rde i lastprofil
2025-03-17 14:26:24,410, INFO, EF_2040_RAPS_18_V1, lp, 5170006229000, Noll-v‰rde i lastprofil
2025-03-17 14:26:24,500, INFO, EF_2040_RAPS_18_V1, lp, 5170006233000, Noll-v‰rde i lastprofil
2025-03-17 14:26:24,593, INFO, EF_2040_RAPS_18_V1, lp, 5190006235000, Noll-v‰rde i lastprofil
2025-03-17 14:26:24,686, INFO, EF_2040_RAPS_18_V1, lp, 5210006227000, Noll-v‰rde i lastprofil
2025-03-17 14:26:24,789, INFO, EF_2040_RAPS_18_V1, lp, 5210006230000, Noll-v‰rde i lastprofil
2025-03-17 14:26:24,978, INFO, EF_2040_RAPS_18_V1, lp, 5220006226000, Noll-v‰rde i lastprofil
2025-03-17 14:26:25,081, INFO, EF_2040_RAPS_18_V1, lp, 5220006228000, Noll-v‰rde i lastprofil
2025-03-17 14:26:25,188, INFO, EF_2040_RAPS_18_V1, lp, 5260006228000, Noll-v‰rde i lastprofil
2025-03-17 14:26:25,285, INFO, EF_2040_RAPS_18_V1, lp, 5260006240000, Noll-v‰rde i lastprofil
2025-03-17 14:26:25,384, INFO, EF_2040_RAPS_18_V1, lp, 5320006226000, Noll-v‰rde i lastprofil
2025-03-17 14:26:25,487, INFO, EF_2040_RAPS_18_V1, lp, 5330006229000, Noll-v‰rde i lastprofil
2025-03-17 14:26:25,587, INFO, EF_2040_RAPS_18_V1, lp, 5350006246000, Noll-v‰rde i lastprofil
2025-03-17 14:26:25,693, INFO, EF_2040_RAPS_18_V1, lp, 5360006226000, Noll-v‰rde i lastprofil
2025-03-17 14:26:25,830, INFO, EF_2040_RAPS_18_V1, lp, 5370006251000, Noll-v‰rde i lastprofil
2025-03-17 14:26:25,958, INFO, EF_2040_RAPS_18_V1, lp, 5390006228000, Noll-v‰rde i lastprofil
2025-03-17 14:26:26,078, INFO, EF_2040_RAPS_18_V1, lp, 5390006230000, Noll-v‰rde i lastprofil
2025-03-17 14:26:26,234, INFO, EF_2040_RAPS_18_V1, lp, 5390006231000, Noll-v‰rde i lastprofil
2025-03-17 14:26:26,400, INFO, EF_2040_RAPS_18_V1, lp, 5400006230000, Noll-v‰rde i lastprofil
2025-03-17 14:26:26,563, INFO, EF_2040_RAPS_18_V1, lp, 5480006227000, Noll-v‰rde i lastprofil
2025-03-17 14:26:26,657, INFO, EF_2040_RAPS_18_V1, lp, 5520006228000, Noll-v‰rde i lastprofil
2025-03-17 14:26:26,751, INFO, EF_2040_RAPS_18_V1, lp, 5550006241000, Noll-v‰rde i lastprofil
2025-03-17 14:26:27,721, INFO, EF_2040_Smahus_V1, lp, 4870006247000, Noll-v‰rde i lastprofil
